<?xml version="1.0" encoding="utf-8"?>
<extension version="2.5" type="plugin" group="system" method="upgrade">
	<name>dead_link_finder</name>
	<author>Prif16_3_VGTU</author>
	<creationDate>2019-03-10</creationDate>
	<copyright>VGTU</copyright>
	<license>GNU General Public License version 2 or later; see LICENSE.txt</license>
	<authorEmail>Arturas.Juknevicius@stud.vgtu.lt</authorEmail>
	<authorUrl>https://vgtu.lt</authorUrl>
	<version>1.0</version>
	<description>PLG_CUPDATER_XML_DESCRIPTION</description>
	<files>
		<file plugin="cupdater">cupdater.php</file>
	</files>
	<languages folder="administrator/language">
		<language tag="de-DE">de-DE/de-DE.plg_system_cupdater.ini</language>
<language tag="de-DE">de-DE/de-DE.plg_system_cupdater.sys.ini</language>
<language tag="en-GB">en-GB/en-GB.plg_system_cupdater.ini</language>
<language tag="en-GB">en-GB/en-GB.plg_system_cupdater.sys.ini</language>
<language tag="fr-FR">fr-FR/fr-FR.plg_system_cupdater.ini</language>
<language tag="fr-FR">fr-FR/fr-FR.plg_system_cupdater.sys.ini</language>
<language tag="nl-NL">nl-NL/nl-NL.plg_system_cupdater.ini</language>
<language tag="nl-NL">nl-NL/nl-NL.plg_system_cupdater.sys.ini</language>
	</languages>
	<config>
		<fields name="params">
			<fieldset name="basic">
				<field name="home_url" size="40" type="text" default=""
					   label="home url (with protocol, i.e. http://example/com"
					   description="url where to start the link checking process (home page)"/>
				<field name="mailto_admins" type="usergroup" default="0"
					   multiple="true"
					   label="PLG_CUPDATER_MAILTO_ADMINS_LABEL"
					   description="PLG_CUPDATER_MAILTO_ADMINS_DESC">
				</field>
				<field name="mailto_custom" type="radio" default="0"
					   label="PLG_CUPDATER_MAILTO_CUSTOM_LABEL"
					   description="PLG_CUPDATER_MAILTO_CUSTOM_DESC">
					<option value="1">JYES</option>
					<option value="0">JNO</option>
				</field>
				<field name="custom_email" size="40" type="text" default=""
					   label="PLG_CUPDATER_CUSTOM_EMAIL_LABEL"
					   description="PLG_CUPDATER_CUSTOM_EMAIL_DESC"/>
				<field
						name="notification_period"
						type="list"
						default="24"
						label="PLG_CUPDATER_NOTIFICATION_PERIOD_LABEL"
						description="">
					<option value="24">PLG_CUPDATER_DAILY</option>
					<option value="168">PLG_CUPDATER_WEEKLY</option>
					<option value="336">PLG_CUPDATER_HALF_MONTHLY</option>
					<option value="672">PLG_CUPDATER_MONTHLY</option>
				</field>
				<field name="mailto_noresult" type="radio" default="1"
					   label="PLG_CUPDATER_MAILTO_NORESULT"
					   description="PLG_CUPDATER_MAILTO_NORESULT_DESC">
					<option value="1">JYES</option>
					<option value="0">JNO</option>
				</field>
			</fieldset>
		</fields>
	</config>


	<updateservers>
		<server type="plugin" priority="1" name="Updates for CUpdater">
			<![CDATA[https://compojoom.com/index.php?option=com_ars&view=update&task=stream&format=xml&id=8]]></server>
	</updateservers>

</extension>
